Precincts,Demographics,Candidates,Abstain
021-EAST MACON 3,Hispanic,Perdue,FALSE
021-EAST MACON 4,White,Ossoff,
021-HAZZARD 4,Black,,
021-HOWARD 5,Asian,,
021-RUTLAND 1,Other,,
021-GODFREY 4,,,
021-GODFREY 3,,,
021-VINEVILLE 3,,,
021-VINEVILLE 5,,,
021-VINEVILLE 6,,,
021-WARRIOR 1,,,
021-WARRIOR 2,,,
021-VINEVILLE 1,,,
021-VINEVILLE 2,,,
021-EAST MACON 1,,,
021-HOWARD 4,,,
021-HOWARD 7,,,
021-RUTLAND 2,,,
021-EAST MACON 5,,,
021-HAZZARD 2,,,
021-GODFREY 2,,,
021-HOWARD 6,,,
021-EAST MACON 2,,,
021-GODFREY 1,,,
021-GODFREY 5,,,
021-HAZZARD 3,,,
021-HAZZARD 1,,,
021-HOWARD 3,,,
021-VINEVILLE 4,,,
021-HOWARD 1,,,
021-HOWARD 2,,,
215-FIRST AFRICAN,,,
215-ST MARK/HEIFERHORN,,,
057-R T JONES,,,
057-SALACOA,,,
015-CENTER,,,
057-UNIVETER,,,
227-JERUSALEM,,,
015-WHITE,,,
129-SONORAVILLE,,,
227-HILL,,,
057-CANTON,,,
227-TATE,,,
057-R M MOORE,,,
057-CLAYTON,,,
057-TEASLEY,,,
153-RECR,,,
115-RIVERSIDE,,,
227-HINTON,,,
115-EAST ROME,,,
115-GLENWOOD,,,
123-LEACHES,,,
227-REFUGE,,,
227-LUDVILLE,,,
223-RUSSOM ELEMENTARY,,,
223-CROSSROADS LIBRARY,,,
071-THIGPEN,,,
117-04 CHESTATEE,,,
117-27 CONCORD,,,
223-DOBBINS MIDDLE SCHOOL,,,
223-D WRIGHT INNOVATION CTR,,,
223-WATSON GOVT CMPLX,,,
223-PAULDING COUNTY AIRPORT,,,
117-02 BRANDYWINE,,,
117-01 BIG CREEK,,,
135-PINCKNEYVILLE D,,,
135-BERKSHIRE B,,,
223-EVENTS PLACE,,,
223-BURNT HICKORY PARK,,,
135-LAWRENCEVILLE A,,,
135-BERKSHIRE F,,,
135-BERKSHIRE D,,,
135-BERKSHIRE A,,,
135-CATES A,,,
135-HOG MOUNTAIN B,,,
135-CATES N,,,
135-BAYCREEK D,,,
135-BERKSHIRE E,,,
135-GARNERS A,,,
135-PUCKETTS E,,,
135-DUNCANS C,,,
135-PUCKETTS A,,,
135-DUNCANS D,,,
135-ROCKYCREEK A,,,
135-SUWANEE A,,,
135-DACULA,,,
135-HARBINS A,,,
135-BERKSHIRE O,,,
135-BERKSHIRE N,,,
275-MEIGS,,,
077-GRANTVILLE,,,
063-FOREST PARK 3,,,
063-MORROW 4,,,
063-LAKE CITY,,,
063-MORROW 7,,,
063-RIVERDALE 1,,,
123-TOWN CREEK,,,
063-RIVERDALE 8,,,
063-MORROW 6,,,
063-JONESBORO 15,,,
063-RIVERDALE 6,,,
063-FOREST PARK 6,,,
231-MOLENA,,,
063-FOREST PARK 2,,,
063-MORROW 2,,,
199-GREENVILLE,,,
227-JASPER,,,
063-FOREST PARK 1,,,
063-FOREST PARK 4,,,
113-ABERDEEN,,,
063-RIVERDALE 7,,,
063-RIVERDALE 4,,,
123-YUKON,,,
063-MORROW 1,,,
077-TURIN,,,
077-MADRAS,,,
199-GAY,,,
077-EXPO CENTER,,,
063-FOREST PARK 5,,,
077-SENOIA,,,
077-HARALSON,,,
227-APPALACHIAN,,,
077-COWETA CENTRAL LIBRARY,,,
255-12,,,
231-HOLLONVILLE,,,
231-CONCORD,,,
113-KEDRON,,,
077-SHARPSBURG,,,
077-THOMAS CROSSROADS,,,
199-ALVATON,,,
181-LINCOLN CLUB HOUSE,,,
189-132,,,
151-SHAKERAG,,,
151-AUSTIN ROAD,,,
151-SWAN LAKE,,,
077-NEWNAN,,,
077-WESTSIDE,,,
077-SMOKEY ROAD,,,
181-MARTINS CROSSROAD,,,
105-MOSS-RUCKERSVILLE,,,
105-PETERSBURG,,,
105-LONGSTREET,,,
105-GAINES,,,
105-ELIAM,,,
181-FAITH TEMPLE OF LINCOLN,,,
181-LINCOLN CENTER,,,
073-EUBANK-BLANCHARD CENTER,,,
181-MIDWAY,,,
181-TABERNACLE,,,
181-BETHANY CHURCH,,,
073-DAMASCUS BAPTIST CHURCH,,,
171-SENIOR CITIZEN BLDG,,,
063-JONESBORO 4,,,
151-PATES CREEK,,,
151-DUTCHTOWN,,,
151-OAKLAND,,,
151-WESTSIDE,,,
151-WESLEY LAKES,,,
151-STOCKBRIDGE EAST-WEST,,,
063-LOVEJOY 1,,,
063-JONESBORO 6,,,
151-HICKORY FLAT,,,
151-FLIPPEN,,,
151-LAKE HAVEN,,,
207-EVERS,,,
255-09,,,
171-CHAPPELL MILL VFD,,,
255-14,,,
045-MT ZION,,,
063-JONESBORO 9,,,
063-JONESBORO 10,,,
063-JONESBORO 3,,,
063-JONESBORO 14,,,
063-JONESBORO 5,,,
063-LOVEJOY 2,,,
045-UNIVERSITY OF W GA,,,
045-BURSON CENTER,,,
063-JONESBORO 7,,,
063-JONESBORO 11,,,
063-JONESBORO 18,,,
151-MT CARMEL,,,
151-LOWES,,,
255-21,,,
143-BREMEN,,,
045-BURWELL,,,
233-CEDARTOWN,,,
233-LAKE CREEK,,,
045-COUNTY ADMIN BLDG,,,
045-TABERNACLE CHURCH,,,
045-WEST CARROLLTON,,,
113-WOOLSEY,,,
113-FIELDING RIDGE,,,
045-BOWDON JUNCTION,,,
143-BUNCOMBE,,,
045-KANSAS,,,
045-BONNER,,,
143-SEVENTH,,,
143-CORINTH,,,
143-WACO,,,
063-MORROW 9,,,
113-SHAKERAG EAST,,,
113-CAMP CREEK,,,
113-WINDGATE,,,
113-MURPHY,,,
113-ANTIOCH,,,
113-HARPS CROSSING,,,
063-RIVERDALE 3,,,
199-LONE OAK,,,
143-TALLAPOOSA,,,
227-TALKING ROCK,,,
063-RIVERDALE 11,,,
143-LITTLE CREEK,,,
233-BLOOMING GROVE,,,
143-BUCHANAN,,,
113-FLAT CREEK,,,
113-WILLOWBEND,,,
293-TOWN,,,
193-MONTEZUMA #5,,,
193-IDEAL,,,
255-20,,,
255-17,,,
263-ONEAL,,,
171-L C S C,,,
113-RAREOVER,,,
231-LIFSEY SPRINGS,,,
113-SANDY CREEK,,,
077-CANNONGATE,,,
113-MCINTOSH,,,
113-SHAKERAG WEST,,,
113-OAK GROVE,,,
063-JONESBORO 8,,,
063-MORROW 8,,,
293-SALEM,,,
151-STAGECOACH,,,
113-FAYETTEVILLE WEST,,,
293-YATESVILLE,,,
269-PRECINCT 6,,,
293-REDBONE,,,
255-13,,,
113-JEFF DAVIS,,,
113-HOPEFUL,,,
113-MORNING CREEK,,,
113-FAYETTEVILLE EAST,,,
113-BLACKROCK,,,
113-BANKS,,,
063-RIVERDALE 2,,,
063-LOVEJOY 5,,,
113-EUROPE,,,
113-KENWOOD,,,
113-OAK RIDGE,,,
269-PRECINCT 1,,,
269-PRECINCT 5,,,
063-RIVERDALE 12,,,
063-JONESBORO 12,,,
063-JONESBORO 16,,,
063-RIVERDALE 9,,,
063-JONESBORO 2,,,
121-JC15,,,
113-FLINT,,,
151-NORTH HAMPTON,,,
151-SOUTH HAMPTON,,,
063-PANHANDLE 2,,,
121-08N1,,,
121-08N2,,,
121-JC14,,,
121-JC05,,,
063-LOVEJOY 4,,,
063-JONESBORO 13,,,
063-PANHANDLE 1,,,
063-RIVERDALE 5,,,
151-STOCKBRIDGE CENTRAL,,,
151-COTTON INDIAN,,,
151-ELLENWOOD,,,
151-RED OAK,,,
121-SC08D,,,
121-AP01E,,,
121-UC033,,,
121-SC17B,,,
121-09K1,,,
121-CH03,,,
121-FC01,,,
121-SC13,,,
121-SC15A,,,
121-CH02,,,
121-RW21,,,
121-PA01,,,
121-CH04A,,,
121-SC212,,,
121-SC211,,,
121-SC23C,,,
121-FA01B,,,
121-JC07,,,
121-AP01D,,,
121-AP01C,,,
121-AP01B,,,
121-SS26,,,
121-JC08,,,
121-RW08,,,
121-JC09,,,
119-CANON,,,
257-SENIOR CENTER,,,
247-HC,,,
247-BA,,,
247-ST,,,
247-CO,,,
247-RO,,,
247-SM,,,
151-PLEASANT GROVE,,,
105-PIKE,,,
119-CARNESVILLE,,,
119-WEST FRANKLIN,,,
119-ROYSTON,,,
195-HARRISON,,,
119-NORTHEAST FRANKLIN,,,
119-LAVONIA,,,
113-WHITEWATER,,,
113-STARRSMILL,,,
113-BRAELINN,,,
147-GOLDMINE,,,
105-GOSHEN,,,
195-COLLINS,,,
195-PAOLI,,,
247-LO,,,
145-WAVERLY HALL,,,
145-ELLERSLIE,,,
215-PSALMOND/MATHEWS,,,
113-SPRING HILL,,,
113-RISING STAR,,,
113-DOGWOOD,,,
113-WILLOW POND,,,
113-BROOKS,,,
263-GENEVA,,,
263-BOX SPRINGS,,,
199-DURAND,,,
199-GILL I,,,
263-FLINT HILL,,,
263-JUNCTION CITY,,,
263-TALBOTTON,,,
145-GOODMAN,,,
073-GROVETOWN PUBLIC SAFETY STATION 2,,,
073-KIOKEE BAPTIST CHURCH,,,
245-405,,,
245-406,,,
245-809,,,
245-807,,,
245-804H,,,
033-FOUR POINTS,,,
033-SCOTTS CROSSROADS,,,
033-VIDETTE,,,
165-PERKINS,,,
251-ROCKY FORD,,,
031-BLITCH,,,
031-LOCKHART,,,
245-804,,,
073-NEW LIFE CHURCH,,,
165-COURT HOUSE,,,
165-PRIMARY SCHOOL,,,
033-KEYSVILLE,,,
163-MATTHEWS,,,
033-GOUGH,,,
033-ALEXANDER,,,
165-FOUR POINTS,,,
031-PORTAL,,,
321-SHINGLER,,,
321-SYLVESTER EAST,,,
073-LAKESIDE MIDDLE,,,
073-MARTINEZ BAPTIST,,,
245-308,,,
073-MTZ COL FIRE HDQTR,,,
165-SENIOR CITIZENS CENTER,,,
033-MUNNERLYN,,,
287-ASHBURN,,,
081-CORDELE,,,
287-SYCAMORE,,,
277-TIFTON NORTHEAST,,,
277-TIFTON NORTHWEST,,,
277-CHULA,,,
321-DOLES,,,
321-ISABELLA,,,
003-PEARSON COUNTY,,,
075-MASSEE,,,
229-ALABAHA,,,
229-ST JOHNS-BLACKSHEAR,,,
091-YONKER,,,
091-RAWLINS,,,
081-LISTONIA,,,
081-ARABI,,,
277-TIFTON SOUTH,,,
101-STATENVILLE,,,
299-Millwood,,,
277-MOTT-LITMAN GYM,,,
277-ELDORADO,,,
277-DOCIA,,,
075-LENOX,,,
277-BROOKFIELD,,,
185-S LOWNDES,,,
039-BROWNTOWN,,,
185-CLYATTVILLE,,,
185-DASHER,,,
065-DUPONT,,,
185-MILDRED,,,
185-NAYLOR,,,
075-CECIL,,,
255-08,,,
255-10,,,
255-11,,,
255-07,,,
171-MILNER,,,
171-BARNESVILLE,,,
231-WILLIAMSON,,,
207-BRANTLEYS,,,
277-BRIGHTON,,,
277-TIFTON LODGE,,,
079-DISTRICT 1A,,,
079-DISTRICT 1B,,,
315-ROCHELLE SOUTH 4,,,
315-PITTS 3,,,
255-06,,,
255-05,,,
079-DISTRICT 3,,,
225-FORT VALLEY 1,,,
207-KELSEYS,,,
207-RUSSELLVILLE,,,
171-REDBONE,,,
207-CULLODEN,,,
287-REBECCA,,,
155-IRWINVILLE,,,
115-NORTH CAROLINA,,,
055-SEMINOLE,,,
199-WARM SPRINGS,,,
145-VALLEY PLAINS,,,
199-ODESSADALE,,,
145-PINE MOUNTAIN VALLEY,,,
079-DISTRICT 2,,,
079-DISTRICT 4,,,
055-LYERLY,,,
115-TOWN ROME,,,
033-SARDIS,,,
251-SCREVEN REC DEPT,,,
115-TEXAS VALLEY,,,
055-ALPINE,,,
115-VANNS VALLEY,,,
115-BARKERS,,,
255-03,,,
255-01,,,
045-V R COUNTY SOUTH,,,
045-TEMPLE COUNTY,,,
045-TEMPLE CITY,,,
045-SANDHILL,,,
055-SUMMERVILLE,,,
055-COLDWATER,,,
215-GENTIAN/REESE,,,
193-MARSHALLVILLE,,,
145-HAMILTON,,,
145-CATAULA,,,
215-SALVATION ARMY,,,
215-ST ANDREWS/MIDLAND,,,
255-16,,,
255-02,,,
033-BLAKENEY,,,
033-ST CLAIR,,,
245-801B,,,
245-803,,,
245-801,,,
245-810,,,
215-CANAAN,,,
215-MOON/MORNINGSIDE,,,
271-MILAN,,,
069-BROXTON,,,
091-MCCRANIE,,,
091-VILULA,,,
091-PONDTOWN,,,
091-MITCHELL,,,
017-WEST,,,
155-HOLT,,,
153-HCTC,,,
153-ANNX,,,
093-PINEHURST,,,
093-VIENNA,,,
315-ABBEVILLE NORTH 2,,,
271-JACKSONVILLE,,,
153-HEFS,,,
093-UNADILLA,,,
235-COURTHOUSE ANNEX,,,
315-PINEVIEW 2,,,
315-ROCHELLE NORTH 1,,,
153-ROZR,,,
225-BYRON 2,,,
153-HHPC,,,
199-LUTHERSVILLE,,,
077-MORELAND,,,
081-JAMESTOWN,,,
321-WARWICK,,,
277-TY TY,,,
321-SUMNER,,,
153-HAFS,,,
225-FORT VALLEY 3,,,
045-WHITESBURG,,,
077-PANTHER CREEK,,,
077-CEDAR CREEK,,,
077-NORTHSIDE,,,
077-WHITE OAK,,,
077-RAYMOND,,,
077-WELCOME,,,
077-PINE ROAD,,,
091-EDDIN,,,
091-LEE,,,
097-BOUNDARY WATERS,,,
073-SECOND MT CARMEL BAPTIST CHURCH,,,
077-GREENTOP,,,
077-CENTRAL,,,
229-PATTERSON,,,
229-OTTER CREEK,,,
321-POULAN,,,
321-SYLVESTER,,,
025-WAYNESVILLE,,,
025-NAHUNTA,,,
023-FAIRGROUND,,,
091-EMPIRE,,,
207-FORSYTH,,,
207-COX,,,
255-19,,,
231-SECOND DISTRICT,,,
231-MEANSVILLE,,,
231-ZEBULON,,,
039-TARBORO,,,
049-WINOKUR,,,
285-HAMMETT RD,,,
149-FRANKLIN,,,
097-LITHIA SPRINGS HIGH SCHOOL,,,
097-FACTORY SHOALS,,,
097-FIRST BAPTIST LITHIA SPRINGS,,,
045-CLEM,,,
077-DRESDEN,,,
045-TYUS,,,
045-BOWDON,,,
149-EPHESUS,,,
149-SOUTHWEST,,,
149-CENTRALHATCHEE,,,
149-COOKSVILLE-CORINTH,,,
145-WHITESVILLE,,,
145-SKINNER,,,
149-ENON GROVE,,,
045-OAK GROVE,,,
045-ROOPVILLE,,,
045-OLD CAMP CHURCH,,,
037-EDISON-ARLINGTON,,,
243-COLEMAN,,,
107-TWIN CITY,,,
033-MIDVILLE,,,
115-MT ALTO NORTH,,,
115-GARDEN LAKES,,,
115-MT ALTO SOUTH,,,
115-ALTO PARK,,,
285-HIGHLAND,,,
285-GRIGGS CENTER,,,
107-SWAINSBORO,,,
163-WADLEY,,,
189-137,,,
107-GARFIELD,,,
189-139,,,
107-SUMMERTOWN,,,
107-CANOOCHEE,,,
163-AVERA,,,
045-LAKESHORE REC CENTER,,,
037-EDISON,,,
107-ADRIAN,,,
107-BLUNDALE,,,
297-GRATIS,,,
167-KITE,,,
163-BARTOW,,,
189-131,,,
143-MT VIEW,,,
045-V R COUNTY NORTH,,,
115-FOSTERS MILL,,,
115-CAVE SPRING,,,
233-ARAGON,,,
233-ROCKMART,,,
045-CENTER POINT,,,
045-BETHANY,,,
155-OCILLA,,,
153-VHS,,,
069-DOUGLAS,,,
069-AMBROSE,,,
017-EAST,,,
315-ABBEVILLE SOUTH 5,,,
233-FISH CREEK,,,
143-TWENTIETH,,,
121-02J,,,
121-SC30A,,,
121-SS13B,,,
121-10I,,,
121-11G,,,
121-08P,,,
121-09H,,,
121-11H,,,
121-12I,,,
121-10K,,,
121-06G,,,
121-02K,,,
121-01I,,,
121-05C,,,
121-06N,,,
121-06Q,,,
121-09I,,,
121-04J,,,
121-03A,,,
121-04C,,,
121-05B,,,
121-01H,,,
121-12K,,,
121-12N,,,
121-04I,,,
121-05K,,,
121-02D,,,
121-05J,,,
121-02W,,,
121-03I,,,
121-02S,,,
121-03F,,,
121-08L,,,
121-04F,,,
121-08K,,,
121-02C,,,
121-05F,,,
121-02B,,,
121-05D,,,
251-HILTONIA,,,
251-SR CITIZENS CENTER,,,
233-YOUNGS GROVE,,,
143-FELTON,,,
055-DIRTSELLER,,,
033-GIRARD,,,
251-JACKSON FIRE STATION,,,
251-NEWINGTON,,,
143-BEREA-STEADMAN,,,
121-07D,,,
121-09D,,,
121-06R,,,
121-06B,,,
121-01D,,,
121-04K,,,
121-09F,,,
121-04W,,,
121-04G,,,
121-03G,,,
121-04A,,,
121-12S,,,
121-12F,,,
121-12G,,,
121-12J,,,
121-08J,,,
221-CRAWFORD,,,
059-1A,,,
135-CATES L,,,
311-ROBERTSTOWN,,,
137-AMYS CREEK,,,
195-HULL,,,
281-YOUNG HARRIS,,,
135-CATES C,,,
135-CATES H,,,
135-ROCKBRIDGE C,,,
135-LAWRENCEVILLE J,,,
317-EDWARD B POPE CENTER,,,
317-METASVILLE FIRE STA,,,
317-COURTHOUSE,,,
317-TIGNALL SCH LUNCH RM,,,
135-GARNERS B,,,
135-PUCKETTS C,,,
135-SUWANEE D,,,
135-ROCKYCREEK B,,,
135-LAWRENCEVILLE G,,,
135-ROCKBRIDGE G,,,
135-ROCKBRIDGE A,,,
135-ROCKBRIDGE D,,,
135-PINCKNEYVILLE S,,,
135-BERKSHIRE M,,,
135-BERKSHIRE J,,,
135-DUNCANS A,,,
135-GOODWINS I,,,
135-LAWRENCEVILLE D,,,
135-PINCKNEYVILLE T,,,
135-GARNERS C,,,
275-PATTEN,,,
051-PB EDWARDS GYM,,,
051-ROTHWELL BAPTIST CHURCH,,,
151-MT BETHEL,,,
217-LIVINGSTON,,,
135-GARNERS D,,,
051-LAKE SHORE COMM CTR,,,
051-POOLER CITY HALL,,,
071-BRIDGECREEK,,,
217-DOWNS,,,
275-BOSTON,,,
027-DIXIE,,,
217-ROCKY PLAINS,,,
275-BARWICK,,,
027-BARWICK,,,
027-BRIGGS,,,
121-04X2,,,
121-SC29A,,,
121-SC09B,,,
121-03P1B,,,
121-AP07B,,,
121-SC05B,,,
121-UC02B,,,
121-AP12A,,,
121-10A,,,
121-AP12C,,,
121-RW07B,,,
121-03P1A,,,
121-AP12D,,,
121-RW07A,,,
121-SS13A,,,
151-LAKE DOW,,,
151-TIMBERRIDGE,,,
135-BERKSHIRE H,,,
135-GOODWINS E,,,
151-KELLEYTOWN,,,
207-PROCTORS,,,
151-SHILOH,,,
151-TUSSAHAW,,,
135-PINCKNEYVILLE P,,,
135-BERKSHIRE P,,,
135-PINCKNEYVILLE H,,,
135-PINCKNEYVILLE F,,,
147-REED CREEK,,,
151-MCDONOUGH CENTRAL,,,
151-MCMULLEN,,,
151-SANDY RIDGE,,,
135-PINCKNEYVILLE W,,,
135-PINCKNEYVILLE M,,,
135-BERKSHIRE G,,,
135-ROCKBRIDGE B,,,
135-LAWRENCEVILLE F,,,
135-MARTINS D,,,
135-PINCKNEYVILLE Q,,,
135-PINCKNEYVILLE U,,,
135-CATES J,,,
135-PINCKNEYVILLE J,,,
135-HOG MOUNTAIN C,,,
135-HARBINS B,,,
135-SUGAR HILL F,,,
135-SUGAR HILL C,,,
135-GOODWINS D,,,
135-LAWRENCEVILLE C,,,
135-MARTINS K,,,
135-DULUTH I,,,
135-BERKSHIRE Q,,,
135-BAYCREEK I,,,
135-LAWRENCEVILLE L,,,
135-SUWANEE F,,,
135-BAYCREEK E,,,
135-GARNERS F,,,
135-HARBINS C,,,
135-DULUTH K,,,
135-LAWRENCEVILLE H,,,
135-CATES K,,,
135-BAYCREEK J,,,
135-SUWANEE G,,,
135-SUGAR HILL G,,,
135-SUWANEE H,,,
195-POCA,,,
195-MILL,,,
195-PITTMAN,,,
119-SOUTHWEST FRANKLIN,,,
135-DULUTH H,,,
135-SUWANEE C,,,
135-PUCKETTS D,,,
135-ROCKYCREEK C,,,
137-HABERSHAM NORTH,,,
281-HIAWASSEE,,,
241-RABUN COUNTY,,,
105-WEBBSBORO,,,
195-ILA,,,
265-SHARON,,,
105-WYCHE,,,
135-DUNCANS B,,,
135-GOODWINS H,,,
135-PINCKNEYVILLE A1,,,
135-PINCKNEYVILLE Z,,,
135-CATES D,,,
135-LAWRENCEVILLE M,,,
135-LAWRENCEVILLE K,,,
135-SUWANEE E,,,
135-BAYCREEK H,,,
135-BAYCREEK F,,,
135-BAYCREEK G,,,
135-CATES F,,,
135-LAWRENCEVILLE N,,,
135-LAWRENCEVILLE E,,,
057-HIGHTOWER,,,
057-BALL GROUND,,,
057-AVERY,,,
057-UNION HILL,,,
057-MACEDONIA,,,
057-FREEHOME,,,
027-QUITMAN,,,
275-PAVO,,,
207-HIGH FALLS,,,
151-LOCUST GROVE,,,
035-BUTTS COUNTY ADMIN BLDG,,,
151-UNITY GROVE,,,
151-MCDONOUGH,,,
151-EAST LAKE,,,
151-GROVE PARK,,,
027-NANKIN,,,
275-COOLIDGE,,,
071-MURPHY,,,
059-5C,,,
059-3A,,,
059-5A,,,
157-SOUTH JACKSON,,,
051-WOODLAWN BAPTIST CHURCH,,,
051-SAVANNAH CHRISTIAN,,,
051-LARGO-TIBET ELEMENTARY,,,
051-SAVANNAH PRIMITIVE BC,,,
139-WILSON,,,
139-TADMORE,,,
157-CENTRAL JACKSON,,,
139-GAINESVILLE IV,,,
139-CLERMONT,,,
311-SHOAL CREEK,,,
157-WEST JACKSON,,,
139-GAINESVILLE II,,,
139-GAINESVILLE I,,,
139-CANDLER,,,
139-FORK,,,
139-GLADE,,,
057-HOLLY SPRINGS,,,
057-LIBERTY,,,
139-QUILLIANS,,,
139-WHELCHEL,,,
139-BIG HICKORY,,,
139-WEST WHELCHEL,,,
139-GAINESVILLE V,,,
227-SHARPTOP,,,
139-ROBERTS,,,
057-TOONIGH,,,
057-NEESE,,,
057-DEER RUN,,,
057-WALESKA,,,
139-GILLSVILLE,,,
121-09K,,,
121-RW12,,,
121-UC02C,,,
121-11B1,,,
121-SC07D,,,
121-UC02A,,,
121-EP04A,,,
121-12A,,,
121-EP04C,,,
121-11M,,,
121-12A1,,,
121-11M1,,,
121-02A1,,,
121-02A,,,
121-02L1,,,
121-02L1A,,,
121-CP07E,,,
121-CP07F,,,
121-CP07C,,,
121-ML04,,,
121-ML02B,,,
121-SC08F,,,
121-SC02,,,
121-ML01A,,,
121-FA01A,,,
121-UC01D,,,
121-RW16,,,
121-AP06,,,
121-SS03,,,
121-SS31,,,
121-RW17,,,
121-SS05,,,
121-RW06,,,
121-RW20,,,
121-RW04,,,
121-AP03,,,
121-AP022,,,
121-AP021,,,
121-AP02B,,,
121-CP011,,,
121-AP04A,,,
121-AP04B,,,
121-03H,,,
121-08M,,,
051-ELKS LODGE,,,
051-SEED CHURCH,,,
051-CHRIST MEMORIAL BAPTIST CHURCH,,,
051-SILK HOPE BAPTIST CHURCH,,,
051-JEA BUILDING,,,
051-SOUTHSIDE BAPTIST CHURCH,,,
051-OGLETHORPE CHARTER ACADEMY,,,
051-GRACE UNITED METHODIST CHURCH,,,
103-2B,,,
051-SEVENTH DAY ADV CHURCH,,,
051-GARDEN CITY REC CENTER,,,
051-BEACH HIGH SCHOOL,,,
051-SOUTHSIDE FIRE TRNG CTR,,,
051-PROGRESSIVE REC CENTER,,,
051-COASTAL CATHEDRAL,,,
051-GUARD HOUSE COMM CTR,,,
121-RW03,,,
121-03B,,,
121-10M,,,
121-11E3,,,
121-AP14,,,
121-SC23B,,,
121-SC29B,,,
121-SC11A,,,
121-SC11B,,,
121-06L1,,,
121-JC03A,,,
121-08F1,,,
121-06L2,,,
121-04M,,,
121-11N,,,
121-04T,,,
121-04S,,,
121-11J,,,
121-11P,,,
121-12L,,,
121-11R,,,
121-03D,,,
121-12E1,,,
121-10J,,,
121-10C,,,
121-10P,,,
121-10E,,,
121-08H,,,
121-04V,,,
121-08D,,,
121-08C,,,
121-03C,,,
121-01A,,,
121-01S,,,
121-02L2,,,
121-03N,,,
121-07N,,,
121-06J,,,
121-03T,,,
121-04D,,,
121-12D,,,
121-04B,,,
121-02F2,,,
121-06E,,,
121-01F,,,
121-08B,,,
121-01J,,,
121-08G,,,
121-UC032,,,
121-CP081,,,
121-JC16,,,
121-09G,,,
121-10H2,,,
121-01C,,,
121-CP06B,,,
121-SC10,,,
121-10H1,,,
121-ML03A,,,
121-SC15,,,
121-11B,,,
121-ML03,,,
121-RW12A,,,
121-SC07A,,,
121-SS06,,,
121-SS04,,,
121-03P2,,,
121-10F,,,
121-03M,,,
121-09C,,,
121-SC05A,,,
121-CP053,,,
121-07H,,,
121-SC19A,,,
121-SS09B,,,
121-SC07B,,,
121-UC01A,,,
121-10D,,,
121-CP051,,,
121-SC17A,,,
121-11K,,,
121-RW13,,,
121-JC04B,,,
121-RW22A,,,
121-AP09A,,,
121-JC10,,,
121-RW22B,,,
121-RW05,,,
121-07A,,,
121-AP10,,,
121-CP01B,,,
121-SS11A,,,
121-SS07A,,,
121-SS11D,,,
121-SS11C,,,
121-SS15B,,,
121-SS15A,,,
121-SS07C,,,
121-SS07B,,,
121-02G,,,
121-07J,,,
121-SS08C,,,
121-SS11B,,,
121-09E,,,
121-SS08B,,,
121-10G,,,
121-04X1,,,
121-CP05B,,,
121-10R,,,
121-SS02A,,,
121-SS02B,,,
121-04L,,,
121-03S,,,
121-07F,,,
121-03L,,,
121-05A1,,,
121-SC08E,,,
121-SC18A,,,
121-03E,,,
121-SC08A,,,
121-SC08C,,,
121-UC01E,,,
121-SC21A,,,
121-UC01B,,,
121-UC01C,,,
121-AP07A,,,
121-11E2,,,
121-11E1,,,
245-207,,,
245-307,,,
245-105,,,
245-208,,,
245-107,,,
169-ROBERTS,,,
245-210,,,
245-204,,,
169-BARRON,,,
237-101,,,
289-HIGGSVILLE,,,
245-203,,,
211-CENTRAL MORGAN,,,
245-201,,,
245-101,,,
245-111,,,
127-CHRISTIAN RENEWAL,,,
191-SAPELO ISLAND,,,
183-TIBET,,,
127-ST WILLIAM CATHOLIC CHURCH,,,
183-FAITH BAPTIST ANNEX,,,
245-102,,,
211-CLACKS CHAPEL,,,
211-BETH/SPRINGFIELD,,,
039-EAST KINGSLAND,,,
039-NORTH ST MARYS,,,
127-SATILLA MARSHES,,,
127-HAMPTON RIVER,,,
127-BROOKMAN,,,
289-JEFFERSONVILLE/WARE,,,
191-NORTH DARIEN,,,
191-DARIEN,,,
127-STERLING ELEMENTARY,,,
127-HOWARD COFFIN PARK,,,
127-THE CHAPEL,,,
039-MUSH BLUFF,,,
127-URBANA-PERRY PARKS,,,
183-RYE PATCH/OAK DALE,,,
039-HARRIETTS BLUFF,,,
039-WAVERLY,,,
321-COUNTY LINE,,,
177-LEESBURG,,,
321-OAKFIELD,,,
127-BLYTHE ISLAND BAPTIST,,,
177-CHOKEE,,,
305-GARDI,,,
127-SELDEN PARK,,,
127-COLLEGE PLACE UMC,,,
261-PLAINS,,,
261-GSW CONF CENTER,,,
261-REESE PARK,,,
321-PINEY WOODS,,,
261-REC DEPT,,,
127-JEKYLL ISLAND,,,
321-RED ROCK,,,
261-LESLIE,,,
031-LEEFIELD,,,
103-1B,,,
051-BLOOMINGDALE COMM CTR,,,
305-ALTAMAHA,,,
051-BAMBOO FARMS,,,
081-CONEY,,,
261-AGRI-CENTER,,,
261-AIRPORT,,,
217-FAIRVIEW,,,
217-STANSELLS,,,
247-LA,,,
297-WEST WALTON,,,
059-2B,,,
237-104,,,
133-OLD SALEM,,,
141-DEVEREUX FIRE STATION,,,
291-DOOLEY,,,
291-GUMLOG,,,
217-TOWN,,,
247-MA,,,
291-BLAIRSVILLE,,,
247-SP,,,
247-FI,,,
217-BUCK CREEK,,,
211-WEST MORGAN,,,
211-NORTHEAST MORGAN,,,
219-DARK CORNER,,,
001-4D,,,
219-FARMINGTON,,,
247-FS,,,
291-IVY LOG,,,
217-COVINGTON MILLS,,,
141-SECOND BEULAH,,,
141-POWER OF GOD,,,
141-COURTHOUSE,,,
297-GOOD HOPE,,,
133-WHITE PLAINS,,,
217-CITY POND,,,
211-NORTH MORGAN,,,
297-MOUNTAIN,,,
069-WEST GREEN,,,
161-OCMULGEE 2,,,
161-WHITEHEAD 1,,,
141-ST MARK,,,
271-LUMBER-CITY,,,
219-HIGH SHOALS,,,
141-YOUTH CENTER,,,
133-SILOAM,,,
297-BROKEN ARROW,,,
297-BETWEEN,,,
297-WHATLEY,,,
069-NICHOLLS,,,
217-HUB,,,
141-MAYFIELD COMMUNITY CENTER,,,
161-WHITEHEAD 2,,,
161-BLACKBURN 2,,,
297-SOUTH MONROE,,,
297-LOGANVILLE NORTH,,,
297-WALKER PARK,,,
297-TARA,,,
297-BAY CREEK,,,
161-OCMULGEE 1,,,
297-JERSEY,,,
297-SOCIAL CIRCLE,,,
245-202,,,
245-303,,,
245-304,,,
289-SHADY GROVE/TARVERS,,,
245-108,,,
297-W MONROE,,,
297-E MONROE,,,
297-BOLD SPRINGS,,,
219-CIVIC CENTER,,,
219-EAST OCONEE,,,
297-BLASINGAME,,,
219-MARSWOOD HALL,,,
073-GOLD CROSS EMS,,,
097-WINSTON,,,
097-DORSETT SHOALS,,,
097-BRIGHT STAR,,,
059-6B,,,
217-BRICK STORE,,,
219-BOGART,,,
059-6D,,,
297-NORTH MONROE,,,
059-6A,,,
059-6C,,,
219-NORTH OCONEE,,,
163-STAPLETON,,,
189-134,,,
059-7C,,,
163-WRENS,,,
059-7A,,,
059-4B,,,
059-5B,,,
059-7B,,,
153-TMS,,,
153-TWPK,,,
175-REEDY SPRINGS,,,
153-CENT,,,
297-WALNUT GROVE,,,
125-MILL,,,
189-135,,,
163-STAPLETON CROSSROADS,,,
097-GOLDEN METHODIST CHURCH,,,
091-PLAINFIELD,,,
225-CLAUDE,,,
097-STEWART,,,
189-136,,,
153-MCMS,,,
153-CGTC,,,
225-BYRON 1,,,
091-JAYBIRD,,,
091-CLARK,,,
097-ARBOR STATION,,,
271-MCRAE,,,
153-FMMS,,,
097-OLD COURTHOUSE,,,
097-CHAPEL HILL,,,
097-ST JULIANS EPISCOPAL,,,
059-4A,,,
059-1B,,,
091-CHAUNCEY,,,
059-8A,,,
091-MULLIS,,,
091-JONES,,,
271-HELENA,,,
091-MILAN,,,
237-105,,,
303-DEEPSTEP,,,
059-8C,,,
237-106,,,
175-BURCH,,,
059-8B,,,
059-1D,,,
059-1C,,,
137-MUD CREEK,,,
137-TOWN OF MT AIRY,,,
141-WARREN CHAPEL,,,
137-DEMOREST,,,
031-NEVILS,,,
051-CHRIST COMMUNITY CHURCH,,,
051-NEW COV 7 DAY ADV CH,,,
029-PEMBROKE,,,
011-COLUMBIA,,,
133-GREENSBORO,,,
011-GOLDEN HILL,,,
011-WILMONTS,,,
141-SECOND DARRIEN,,,
011-BALDWIN,,,
137-CITY OF BALDWIN,,,
011-POPLAR SPRINGS,,,
001-5B,,,
161-ALTAMAHA 2,,,
011-HOLLINGSWORTH,,,
161-ALTAMAHA 1,,,
137-HABERSHAM SOUTH,,,
011-WASHINGTON,,,
211-EAST MORGAN,,,
011-BERLIN,,,
073-GENESIS CHURCH,,,
245-301,,,
245-302,,,
245-305,,,
219-ANTIOCH,,,
161-BLACKBURN 1,,,
161-HAZLEHURST,,,
005-DOUGLAS,,,
245-501,,,
073-SAVANNAH RAPIDS PAVILION,,,
245-708,,,
245-705,,,
001-5A,,,
033-GREENSCUT,,,
033-NORTH WAYNESBORO,,,
033-SOUTH WAYNESBORO,,,
245-306,,,
245-509,,,
245-401,,,
245-601,,,
245-504,,,
073-COL CTY BD OF EDU,,,
245-402,,,
245-310,,,
097-DOG RIVER LIBRARY,,,
245-309,,,
073-WEST ACRES BAPTIST,,,
073-CHURCH OF OUR SAVIOR,,,
245-706,,,
245-507,,,
245-503,,,
245-502,,,
097-CHURCH AT CHAPEL HILL,,,
045-FAIRFIELD,,,
045-HULETT,,,
313-CO,,,
245-404,,,
097-MIRROR LAKE ELEMENTARY,,,
045-VILLA RICA CITY,,,
097-EPHESUS BAPTIST CHURCH,,,
135-DULUTH C,,,
135-SUGAR HILL D,,,
135-DULUTH E,,,
135-PINCKNEYVILLE O,,,
135-DULUTH D,,,
121-SC16A,,,
121-SC01A,,,
135-PINCKNEYVILLE N,,,
135-PINCKNEYVILLE K,,,
121-SC01C,,,
121-SC01B,,,
121-SC18C,,,
121-SC07C,,,
121-SC20,,,
135-ROCKBRIDGE F,,,
135-BAYCREEK K,,,
135-DULUTH G,,,
121-SC05D,,,
121-SC09A,,,
121-SC18B,,,
121-SC08G,,,
121-SC09C,,,
121-AP01A,,,
121-CP04A,,,
121-CP012,,,
121-01G,,,
121-EP03B,,,
121-EP01B,,,
121-EP03A,,,
121-EP02B,,,
121-SC05E,,,
121-SC08H,,,
121-SC30B,,,
121-EP02A,,,
121-SC19B,,,
121-01E,,,
121-EP02D,,,
121-CP052,,,
121-CP084,,,
121-EP04B,,,
121-EP01A,,,
121-SC04,,,
121-12H2,,,
121-12H1,,,
121-10B,,,
121-JC18,,,
121-RW19,,,
121-EP02C,,,
121-EP02E,,,
135-BERKSHIRE L,,,
135-PUCKETTS B,,,
135-LAWRENCEVILLE I,,,
135-MARTINS F,,,
135-GOODWINS G,,,
135-PINCKNEYVILLE Y,,,
121-SC08B,,,
121-SC17C,,,
179-LEWIS FRASIER SCHOOL,,,
191-TOWNSEND,,,
191-SOUTH NEWPORT,,,
183-SOUTH LUDOWICI,,,
179-RICEBORO YOUTH CENTER,,,
051-ALDERSGATE YOUTH CENTER,,,
179-GUM BRANCH,,,
179-HINESVILLE LODGE 271,,,
051XFTPU,,,
251-JENK HILL FIRE STA,,,
251-SYLVANIA,,,
179-BUTTON GWINNETT,,,
251-COOPERVILLE FIRE STATION,,,
179-TOWN OF ALLENHURST,,,
179-HINESVILLE,,,
191-CRESCENT,,,
309-GLENWOOD,,,
283-SOPERTON,,,
209-AILEY,,,
303-SANDERSVILLE,,,
209-UVALDA,,,
179-FLEMING WEST,,,
051-TYBEE ISLAND SCHOOL CAFE,,,
251-GREENHILL CHURCH,,,
267-DISTRICT II,,,
267-COBBTOWN,,,
267-EAST GLENNVILLE,,,
209-MOUNT VERNON,,,
267-DISTRICT IV,,,
251-HUNTERS,,,
175-MINTER,,,
209-ALSTON,,,
031-SINKHOLE,,,
175-SMITH,,,
167-WRIGHTSVILLE,,,
267-COLLINS,,,
175-BREWTON,,,
209-HIGGSTON,,,
107-STILLMORE,,,
267-MANASSAS,,,
305-EMPIRE,,,
305-REC CENTER,,,
319-RAMAH,,,
031-REGISTER,,,
319-TURKEY CREEK,,,
109-VETERANS COMMUNITY CENTER,,,
031-STATESBORO,,,
167-SMITH,,,
009-COOPERS,,,
009-SCOTTSBORO,,,
175-W T ADAMS FIRE STA 18,,,
305-RED HILL,,,
319-BLOODWORTH,,,
303-HARRISON,,,
305-OGLETHORPE,,,
319-HIGH HILL,,,
319-IRWINTON,,,
319-MIDWAY,,,
175-DUDLEY,,,
229-MERSHON,,,
305-ODUM,,,
267-DISTRICT V,,,
279-513 VPD,,,
001-2,,,
319-GRIFFIN,,,
209-TARRYTOWN,,,
279-514 STIALC,,,
009-EAST HARDWICK,,,
009-EAST BALDWIN,,,
051-SKIDAWAY ISLAND PRES CHURCH,,,
001-4B,,,
051-WINDSOR HALL,,,
107-NUNEZ,,,
001-3C,,,
001-3A1,,,
175-HARVARD,,,
011-GROVE RIVER,,,
011-BUSHVILLE,,,
169-POPE,,,
011-ANDERSON,,,
305-SCREVEN,,,
009-NORTH MILLEDGEVILLE,,,
051-GEORGETOWN ELEMENTARY,,,
169-CLINTON,,,
289-DRY BRANCH,,,
207-CABANISS,,,
311-WHITE CREEK,,,
169-DAVIDSON,,,
051-WINDSOR FOREST BAPTIST,,,
157-NORTH JACKSON,,,
011-HOMER,,,
169-SANDERS,,,
217-BREWERS,,,
217-NEWBORN,,,
169-GRAY,,,
217-LEGUINN,,,
011-DAVIDS,,,
169-ETHRIDGE,,,
207-DILLARDS,,,
103-3C,,,
029-HWY 144 EAST,,,
305-PINE STREET,,,
159-MONTICELLO,,,
051-TRINITY LUTHERAN CHURCH,,,
207-MIDDLEBROOKS,,,
159-MARTIN-BURNEY,,,
217-MANSFIELD,,,
305-VFW,,,
183-ALMA FLOURNOY,,,
279-15361 LYONS,,,
103-3B,,,
183-BEARDS CREEK,,,
159-WYATT,,,
179-LIBERTY COUNTY COMPLEX,,,
051-CRUSADER COMM CENTER,,,
183-NORTH LUDOWICI,,,
179-WALTHOURVILLE,,,
179-MEMORIAL DR EAST,,,
051-FELLOWSHIP OF LOVE CHURCH,,,
179-LYMAN HALL SCHOOL,,,
305-UNITY,,,
305-MADRAY SPRINGS,,,
279-39 NEWBRANCH,,,
103-1D,,,
103-3D,,,
103-2C,,,
029FTSTEW,,,
103-3A,,,
267-SHILOH,,,
029-BLACK CREEK,,,
051-SAVANNAH HOLY C OF G,,,
303-TENNILLE,,,
303-DAVISBORO,,,
271-SCOTLAND,,,
103-1A,,,
001-1C,,,
103-1C,,,
103-2A,,,
103-4C,,,
217-OXFORD,,,
245-604,,,
245-115,,,
291-PAT COLWELL,,,
245-114,,,
103-4B,,,
303-RIDDLEVILLE,,,
001-1B,,,
123-BIG CREEK,,,
111-SKENIAH,,,
111-SUGAR CREEK,,,
217-ALCOVY,,,
111-NOONTOOTLA,,,
309-ALAMO,,,
245-605,,,
245-805,,,
111-MINERAL BLUFF,,,
111-FAIRPLAY,,,
291-COOSA,,,
123-CHERRY LOG,,,
291-SUCHES,,,
245-104,,,
111-TOCCOA,,,
111-MORGANTON,,,
245-701,,,
245-709,,,
245-103,,,
111-HOTHOUSE,,,
245-702,,,
111-FLINTHILL,,,
111-HEMPTOWN,,,
291-JONES CREEK,,,
245-112,,,
169-HAWKINS,,,
245-707,,,
291-OWLTOWN,,,
245-703,,,
245-106,,,
279-43 CEDAR CROSSING,,,
209-KIBBEE,,,
107-OAK PARK,,,
319-IVEY,,,
283-ANNEX,,,
245-109,,,
135-HOG MOUNTAIN A,,,
135-SUGAR HILL E,,,
135-SUGAR HILL B,,,
135-PINCKNEYVILLE X,,,
135-SUWANEE B,,,
135-CATES G,,,
135-CATES B,,,
135-GOODWINS B,,,
135-MARTINS H,,,
135-HOG MOUNTAIN D,,,
135-CATES O,,,
135-SUGAR HILL A,,,
135-PINCKNEYVILLE I,,,
135-PINCKNEYVILLE E,,,
135-ROCKBRIDGE E,,,
135-DULUTH B,,,
057-ARNOLD MILL,,,
057-WILDCAT,,,
057-AIR ACRES,,,
057-SUTALLEE,,,
057-BRIDGEMILL,,,
057-HICKORY FLAT,,,
057-BRADSHAW,,,
135-CATES E,,,
213-CARTERS-DOOLITTLE,,,
313-FI,,,
213-SPRING PLACE,,,
213-TOWN,,,
057-WOODLANDS,,,
213-SHUCK PEN,,,
213-MCDONALD,,,
057-LITTLE RIVER,,,
123-ELLIJAY SOUTH,,,
313-LT,,,
123-TAILS CREEK,,,
123-ELLIJAY NORTH,,,
313-GL,,,
123-MOUNTAINTOWN,,,
057-SIXES,,,
313-NI,,,
223-PICKETTS MILL BAPTIST CHURCH,,,
223-SHELTON ELEMENTARY,,,
223-BEULAHLAND BAPTIST CHURCH,,,
223-POPLAR SPRGS BAPT CHURCH,,,
313-UT,,,
223-MULBERRY ROCK PARK,,,
223-LEGACY BAPT CHURCH,,,
213-NORTH,,,
057-WOODSTOCK,,,
057-CARMEL,,,
223-TAYLOR FARM PARK,,,
223-PAULDING SR CENTER,,,
223-WHITE OAK PARK,,,
223-NEBO ELEM SCHOOL,,,
063-ELLENWOOD 2,,,
073-HARLEM SENIOR CENTER,,,
063-JONESBORO 1,,,
051-POOLER REC CENTER GYM,,,
117-15 HEARDSVILLE,,,
117-16 OTWELL,,,
117-03 BROWNS BRIDGE,,,
117-34 FOWLER,,,
117-08 MASHBURN,,,
051-JENKINS HIGH SCHOOL,,,
051-COKESBURY METHODIST,,,
051-STILLWELL TOWERS,,,
117-36 NICHOLS,,,
117-35 JOHNS CREEK,,,
117-19 OLD ATLANTA,,,
117-05 COAL MOUNTAIN,,,
117-06 CROSSROADS,,,
117-25 WINDERMERE,,,
117-37 SAWNEE,,,
117-10 MIDWAY,,,
139-MORGAN I,,,
139-FRIENDSHIP I,,,
059-2A,,,
297-LOGANVILLE SOUTH,,,
057-MOUNTAIN ROAD,,,
139-GAINESVILLE III,,,
139-CHICOPEE,,,
117-21 SOUTH FORSYTH,,,
051-BUTLER PRESBYTERIAN CHURCH,,,
051-CARVER HEIGHTS COMM CTR,,,
051-BUTLER ELEMENTARY,,,
059-3B,,,
059-5D,,,
051-W BROAD ST YMCA,,,
051-SENIOR CITIZENS CENTER,,,
139-MORGAN II,,,
051-HELLENIC CENTER,,,
051-WILLIAMS COURT APTS,,,
051-CIVIC CENTER,,,
051-SALVATION ARMY,,,
051-BIBLE BAPTIST CHURCH,,,
051-W W LAW CENTER,,,
051-TEMPLE MICKVE ISRAEL,,,
051-TOMPKINS REC CENTER,,,
139-FRIENDSHIP IV,,,
139-FLOWERY BRANCH I,,,
139-FRIENDSHIP II,,,
051-MOSES JACKSON CENTER,,,
051-RESURRECTION OF OUR LORD CHURCH,,,
139-OAKWOOD I,,,
139-OAKWOOD II,,,
051-HOLY SPIRIT LUTHERAN CHURCH,,,
139-BARK CAMP,,,
139-CHESTATEE,,,
085-EAST,,,
311-MOSSY CREEK,,,
139-LULA,,,
313-ES,,,
213-SOUTHWEST,,,
139-FRIENDSHIP III,,,
135-GOODWINS A,,,
135-BAYCREEK B,,,
135-BAYCREEK A,,,
117-29 POLO,,,
117-07 CUMMING,,,
135-PINCKNEYVILLE V,,,
135-DULUTH A,,,
187-DAHLONEGA,,,
089-BETHUNE MIDDLE,,,
089-KITTREDGE ELEM,,,
089-METROPOLITAN,,,
089-GLENHAVEN,,,
089-HARRIS-NARVIE J HARRIS ELEM,,,
089-CANBY LANE ELEM,,,
089-FLAT SHOALS PARKWAY,,,
089-COLUMBIA ELEM,,,
089-BOULEVARD,,,
089-BRIAR VISTA ELEM,,,
089-CORALWOOD,,,
089-BRIARCLIFF,,,
089-HAWTHORNE ELEM,,,
089-KELLEY CHAPEL ROAD,,,
089-CEDAR GROVE MIDDLE,,,
089-BOULDERCREST ROAD,,,
089-RAINBOW ELEM,,,
089-SHAW-ROBERT SHAW ELEM,,,
089-AVONDALE,,,
089-CROSSROADS,,,
089-MIDWAY,,,
089-OAK VIEW ELEM,,,
089-KINGSLEY ELEM,,,
089-ASHFORD PARKSIDE,,,
085-WEST,,,
097-LUTHERAN CHURCH-GS,,,
121-11C,,,
089-ALLGOOD ELEM,,,
089-AUSTIN,,,
089-DORAVILLE NORTH,,,
089-DORAVILLE SOUTH,,,
313-2A,,,
097-TURNER,,,
097-DEER LICK,,,
085-CENTRAL,,,
227-YELLOW CREEK,,,
313-TI,,,
313-MC,,,
047-BLACKSTOCK,,,
313-DG,,,
313-WS,,,
097-BEULAH BAPTIST CHURCH,,,
313-AN,,,
051-IMMANUEL BAPTIST CHURCH,,,
313-1A,,,
313-3A,,,
313-4A,,,
313-TH,,,
057-CONNS CREEK,,,
313-CA,,,
227-NELSON,,,
051-FIRST PRESBYTERIAN CHURCH,,,
051-THE LIGHT CHURCH,,,
051-BARTLETT MIDDLE SCHOOL,,,
051-RICE CREEK SCHOOL,,,
051-GARDEN CITY SENIOR CTR,,,
051-CENTRAL CHURCH OF CHRIST,,,
051-TATUMVILLE COMMUNITY CENTER,,,
051-LIBERTY CITY COMM CTR,,,
089-ROWLAND ROAD,,,
089-MARBUT ELEM,,,
089-MCWILLIAMS,,,
089-MEDLOCK,,,
089-MIDVALE ELEM,,,
089-MONTCLAIR ELEM,,,
089-PONCE DE LEON,,,
089-MONTGOMERY ELEM,,,
089-OAK GROVE ELEM,,,
089-HENDERSON MILL,,,
089-LAVISTA,,,
089-INDIAN CREEK,,,
089-JOHNSON ESTATES,,,
089-SNAPFINGER ROAD,,,
089-PEACHCREST,,,
089-MILLER-ELDRIDGE L MILLER ELEM,,,
089-LITHONIA,,,
089-PANOLA ROAD,,,
089-FLAT SHOALS ELEM,,,
089-FLAT SHOALS LIBRARY,,,
089-FLAT ROCK ELEM,,,
089-LITHONIA HIGH,,,
089-REDAN-TROTTI LIBRARY,,,
089-GEORGETOWN SQ,,,
089-CANDLER PARK,,,
089-LIVSEY ELEM,,,
089-EMBRY HILLS,,,
089-REDAN ROAD,,,
089-EVANSDALE ELEM,,,
089-ROCK CHAPEL ROAD,,,
089-SAGAMORE HILLS ELEM,,,
089-FAIRINGTON ELEM,,,
089-DUNAIRE ELEM,,,
089-KNOLLWOOD,,,
089-DUNWOODY,,,
089-OAKCLIFF ELEM,,,
089-DUNWOODY 2,,,
089-PEACHTREE MIDDLE,,,
089-DRUID HILLS HIGH,,,
089-MATHIS-BOB MATHIS ELEM,,,
089-COVINGTON HWY,,,
089-COVINGTON,,,
089-EMORY SOUTH,,,
089-LAKESIDE HIGH,,,
089-CLAIREMONT EAST,,,
089-HUNTLEY HILLS ELEM,,,
089-DRESDEN ELEM,,,
089-MOUNT VERNON WEST,,,
089-SCOTT,,,
089-CLAIRMONT ROAD,,,
089-FERNBANK ELEM,,,
089-LIN-MARY LIN ELEM,,,
089-CLIFTON,,,
089-MOUNT VERNON EAST,,,
089-CEDAR GROVE SOUTH,,,
089-FLAKES MILL FIRE STATION,,,
089-FREEDOM MIDDLE,,,
089-CEDAR GROVE ELEM,,,
089-CANDLER-MURPHEY CANDLER ELEM,,,
089-PINE LAKE,,,
089-CHAPEL HILL ELEM,,,
089-CHESNUT ELEM,,,
089-DUNWOODY LIBRARY,,,
089-CLAIREMONT WEST,,,
121-ML02A,,,
121-ML01B,,,
121-MP01,,,
121-RW09A,,,
121-RW09,,,
121-RW01,,,
121-RW11A,,,
121-RW02,,,
121-SS18A,,,
121-SS18B,,,
121-SS19A,,,
121-SS22,,,
121-SS19B,,,
121-RW11B,,,
121-SS09A,,,
121-SS16,,,
013-01 BETHLEHEM COMMUNITY CENTER,,,
125-EDGEHILL,,,
301-WARRENTON,,,
121-08A,,,
121-08F2,,,
121-08E,,,
121-09A,,,
121-09M,,,
163-LOUISVILLE,,,
217-CEDAR SHOALS,,,
247-HI,,,
303-WARTHEN,,,
125-MITCHELL,,,
107-CROSS-GREEN,,,
141-SPARTA 4C,,,
125-GIBSON,,,
247-MI,,,
123-BOARDTOWN,,,
123-CARTECAY,,,
217-BEAVERDAM,,,
217-ALMON,,,
247-OT,,,
217-CROWELL,,,
247-BT,,,
121-CP08A,,,
121-SC27,,,
121-CP06A,,,
123-EAST ELLIJAY,,,
111-COLWELL,,,
217-GUM CREEK,,,
123-ELLIJAY NORTHEAST,,,
111-MOBILE,,,
121-JC06,,,
121-JC13A,,,
121-JC13B,,,
121-JC01,,,
121-JC19,,,
121-RW10,,,
121-JC03B,,,
121-CP083,,,
121-JC11,,,
121-JC12,,,
121-JC01A,,,
121-JC02,,,
121-AP09B,,,
063-LOVEJOY 6,,,
063-MORROW 11,,,
063-JONESBORO 17,,,
063-LOVEJOY 7,,,
063-MORROW 3,,,
285-LONG CANE,,,
063-LOVEJOY 3,,,
151-LIGHTHOUSE,,,
073-HARLEM BRANCH LIBRARY,,,
073-PATRIOTS PARK,,,
073-PHILADELPHIA CHURCH,,,
073-CHRIST THE KING LUTH CHURCH,,,
073-PARKWAY BAPTIST CHURCH,,,
073-LIBERTY PARK-GROVETOWN,,,
073-RIVERVIEW CHURCH,,,
073-GRACE BAPTIST CHURCH,,,
073-ABILENE BAPTIST,,,
073-BLANCHARD PARK,,,
073-AUGUSTA CHRISTIAN,,,
073-MARVIN METHODIST,,,
073-BELAIR BAPTIST CHURCH,,,
073-BESSIE THOMAS CENTER,,,
073-WOODLAWN BAPTIST CHURCH,,,
073-TRINITY BAPTIST CHURCH,,,
073-BLUE RIDGE ELEMENTARY,,,
121-CP07B,,,
121-ML05,,,
121-FA01C,,,
121-SC23A,,,
121-12E2,,,
121-HP01,,,
121-CP02,,,
121-CP04B,,,
121-ML06B,,,
121-JC04A,,,
121-AP05,,,
121-JC04C,,,
121-ML06A,,,
121-AP12B,,,
121-ML07A,,,
121-ML07B,,,
135-LAWRENCEVILLE B,,,
135-CATES M,,,
135-CATES I,,,
135-BAYCREEK C,,,
135-MARTINS B,,,
073-GROVETOWN METHODIST CHURCH,,,
073-SECOND MT MORIAH BAPTIST CHURCH,,,
073-G A APOSTOLIC CHURCH,,,
135-MARTINS C,,,
135-MARTINS G,,,
135-GOODWINS C,,,
135-PINCKNEYVILLE C,,,
135-PINCKNEYVILLE B,,,
135-DULUTH F,,,
135-MARTINS E,,,
135-MARTINS A,,,
055-CLOUDLAND,,,
013-05 FIRE STATION 1 (STATHAM),,,
013-04 COVENANT LIFE SANCTUARY,,,
135-MARTINS J,,,
135-GOODWINS F,,,
135-PINCKNEYVILLE L,,,
135-PINCKNEYVILLE A,,,
135-MARTINS I,,,
013-03 HMONG NEW HOPE ALLIANCE CHURCH,,,
053-ACTIVITY CENTER (Includes FTBEN 1-3),,,
055-TELOGA,,,
013-13 WINDER COMMUNITY CENTER,,,
015-CASSVILLE,,,
013-16 THE CHURCH AT WINDER,,,
013-08 FIRST BAPTIST CHURCH WINDER,,,
043-JACK STRICKLAND COMM CENTER,,,
015-HAMILTON CROSSING,,,
077-NEWNAN CENTRE,,,
219-BISHOP,,,
281-MACEDONIA,,,
219-CITY HALL,,,
243-CUTHBERT-COURTHOUSE,,,
051-ROYAL CINEMAS AND IMAX,,,
013-02 BETHLEHEM CHURCH - 211,,,
243-SHELLMAN,,,
051-POOLER CHURCH,,,
185-VSU UC # 2,,,
285-GARDNER NEWMAN,,,
185-MT CALVARY,,,
185-JAYCEE SHACK,,,
285-ADMINISTRATION BLDG,,,
219-COLHAM FERRY,,,
285-ROSEMONT,,,
285-GRAY HILL,,,
285-HOGANSVILLE,,,
285-NORTHSIDE,,,
285-WEST POINT,,,
285-HOLLIS HAND,,,
285-MCCLENDON,,,
185-NORTHSIDE,,,
285-EAST VERNON,,,
189-133A,,,
147-BIO,,,
147-SHOAL CREEK,,,
311-TOWN CREEK,,,
147-COKESBURY,,,
147-HARTWELL,,,
063-ELLENWOOD 1,,,
311-TESNATEE,,,
311-MT YONAH,,,
311-NACOOCHEE,,,
291-CHOESTOE,,,
311-HELEN,,,
105-CENTERVILLE,,,
147-BOWERSVILLE,,,
311-BLUE CREEK,,,
071-MOULTRIE,,,
071-ROBINSON,,,
071-MILLCREEK,,,
027-PAVO,,,
071-LEE,,,
311-BLUE RIDGE,,,
291-TRACKROCK,,,
071-FUNSTON,,,
071-MONK,,,
071-CROSLAND,,,
105-ELBERTON,,,
321-MINTON,,,
321-SCOOTERVILLE,,,
071-AUTREYVILLE,,,
071-HOPEWELL,,,
027-MORVEN,,,
195-COLBERT,,,
265-CRAWFORDVILLE,,,
195-FORK,,,
195-COMER,,,
317-RAYLE CITY HALL,,,
071-SHAW,,,
071-NORMAN PARK,,,
221-LEXINGTON,,,
063-OAK 5,,,
185-RAINWATER,,,
063-JONESBORO 19,,,
185-HAHIRA TRAIN DEPOT,,,
221-BEAVERDAM,,,
133-UNION POINT,,,
195-DANIELSVILLE,,,
073-CHRIST CHURCH PRESBYTERIAN,,,
073-GREENBRIER HIGH,,,
063-MORROW 10,,,
073-COL CTY MAIN LIBRARY,,,
073-JOURNEY COMM CHURCH,,,
063-OAK 3,,,
063-MORROW 5,,,
073-GROVE FIRST BAPTIST CHURCH,,,
073-STEVENS CREEK CHURCH,,,
073-LEWIS METHODIST CHURCH,,,
189-133B,,,
073-GOSPEL WATER BRANCH,,,
073-WESLEY METHODIST,,,
073-WESTSIDE BAPTIST CHURCH,,,
073-CHRIST SANCTIFIED,,,
121-07C,,,
121-SS12,,,
121-SS08A,,,
121-07M,,,
121-07E,,,
121-SS14,,,
121-07B,,,
121-12M,,,
121-01P,,,
121-SS08D,,,
121-SS20,,,
121-06D1,,,
121-01R,,,
121-06D2,,,
121-05A2,,,
121-02E,,,
121-SS17,,,
121-SS01,,,
121-01T,,,
121-01B,,,
121-06I,,,
089-WINTERS CHAPEL,,,
089-YOUNG ROAD,,,
089-WYNBROOKE ELEM,,,
089-SHADOW ROCK ELEM,,,
089-SOUTH DESHON,,,
089-STONECREST LIBRARY,,,
121-06D,,,
121-06F,,,
089-TILLY MILL ROAD,,,
089-VALLEY BROOK,,,
089-WESLEY CHAPEL LIBRARY,,,
089-COAN RECREATION CENTER,,,
089-WOODROW ROAD,,,
089-WOODRIDGE ELEM,,,
089-WARREN TECH,,,
089-WHITE OAK,,,
089-STONE MTN CHAMPION,,,
089-STONE MTN,,,
089-STEPHENSON MIDDLE,,,
089-SOUTH HAIRSTON,,,
089-STEPHENSON HIGH,,,
089-TERRY MILL,,,
089-TONEY ELEM,,,
089-TUCKER,,,
089-ROCK CHAPEL ELEM,,,
089-ROCKBRIDGE ROAD,,,
089-SILVER LAKE,,,
089-SKYLAND,,,
089-STONE MILL ELEM,,,
089-STONEVIEW ELEM,,,
089-SALEM MIDDLE,,,
089-SHAMROCK,,,
089-PLEASANTDALE ROAD,,,
089-MILLER GROVE ROAD,,,
089-REDAN MIDDLE,,,
089-MILLER GROVE HIGH,,,
089-NORTH PEACHTREE,,,
089-PRINCETON ELEM,,,
089-PANOLA,,,
089-REDAN ELEM,,,
089-GLENNWOOD,,,
089-AVONDALE HIGH,,,
089-WINNONA PARK,,,
089-MONTREAL,,,
089-BRIARLAKE ELEM,,,
089-CANDLER,,,
089-EAST LAKE,,,
089-KELLEY LAKE ELEM,,,
089-MCNAIR,,,
089-GRESHAM ROAD,,,
089-MEADOWVIEW,,,
089-COLUMBIA MIDDLE,,,
089-FLAT SHOALS,,,
089-BROWNS MILL ELEM,,,
089-SNAPFINGER ELEM,,,
089-WADSWORTH,,,
089-COLUMBIA DRIVE,,,
089-ROWLAND ELEM,,,
089-AUSTIN DRIVE,,,
089-SNAPFINGER ROAD N,,,
089-GLENWOOD ROAD,,,
089-IDLEWOOD ELEM,,,
089-JOLLY ELEM,,,
089-HAMBRICK ELEM,,,
089-STONE MTN MIDDLE,,,
089-BROCKETT ELEM,,,
089-MEMORIAL SOUTH,,,
089-ROCKBRIDGE ELEM,,,
089-SNAPFINGER ROAD S,,,
089-ASHFORD PARK ELEM,,,
089-CROSS KEYS HIGH,,,
089-BRIARWOOD,,,
089-BROOKHAVEN,,,
089-NORTHLAKE,,,
089-REHOBOTH,,,
089-BROCKETT,,,
089-NORTH HAIRSTON,,,
089-PANOLA WAY ELEM,,,
089-EMORY ROAD,,,
089-LAVISTA ROAD,,,
089-HARRIS-MARGARET HARRIS ED,,,
089-WOODWARD,,,
089-ASHFORD DUNWOODY RD,,,
089-CHAMBLEE 2,,,
089-CHAMBLEE,,,
089-BURGESS ELEM,,,
089-NORTH DECATUR,,,
089-TUCKER LIBRARY,,,
089-MIDVALE ROAD,,,
089-HUGH HOWELL,,,
089-SMOKE RISE,,,
089-STONE MOUNTAIN ELEM,,,
089-MILLER GROVE,,,
089-OAKHURST,,,
089-DECATUR,,,
089-CLARKSTON,,,
089-MCLENDON,,,
089-CLARKSTON COMMUNITY CENTER,,,
089-MCNAIR ACADEMY,,,
089-PINEY GROVE,,,
089-MCNAIR HIGH,,,
215-ST JOHN/BELVEDERE,,,
253-PRECINCT 1,,,
177-REDBONE,,,
275-GATLIN CREEK,,,
131-LIMESINK,,,
275-REMINGTON ESC,,,
275-CENTRAL,,,
205-BRANCHVILLE,,,
253-PRECINCT 2,,,
037-MORGAN,,,
131-BLOWING CAVE,,,
099-CEDAR SPRINGS,,,
253-PRECINCT 5,,,
197-PINEKNOT,,,
099-URQUHART,,,
087-RECOVERY,,,
243-SPRINGVALE,,,
259-RICHLAND,,,
087-KENDRICK,,,
243-CUTHBERT,,,
037-LEARY,,,
095-LOVETT HALL,,,
243-BENEVOLENCE,,,
273-HEROD-DOVER,,,
273-PARROTT,,,
131-WHIGHAM,,,
273-GRAVES,,,
259-LUMPKIN,,,
215FTBEN2,,,
273-DAWSON,,,
259-LOUVALE,,,
215FTBEN4,,,
007-HOGGARDS MILL,,,
039-WOODBINE,,,
215-MT PILGRIM,,,
007-ELMODEL,,,
131-RAGAN,,,
007-MILFORD,,,
131-HIGDON,,,
131-DUNCANVILLE,,,
071-HAMILTON,,,
205-LESTER,,,
131-CAIRO 4TH DISTRICT,,,
039-KINGSLAND,,,
039-WEST ST MARYS,,,
131-MIDWAY,,,
039-NORTH KINGSLAND,,,
039-ST MARYS,,,
239-MORRIS,,,
215FTBEN3,,,
275-LITTLE OCHLOCKNEE,,,
205-PEBBLE CITY,,,
205-COTTON,,,
275-MERRILLVILLE,,,
205-SALE CITY,,,
215-COLUMBUS TECH,,,
071-DOERUN,,,
239-GEORGETOWN,,,
071-HARTSFIELD,,,
321-BRIDGEBORO,,,
259-OMAHA,,,
205-HINSONTON,,,
049-HOMELAND,,,
031-PITTMAN PARK,,,
007-ANNA,,,
127-BALLARD,,,
127-C B GREER SCHOOL,,,
127-FIRST BAPTIST,,,
127-SE BAPTIST BLDG,,,
127-NORTHSIDE BAPTIST,,,
031-EMIT,,,
299-Beach-Bickley,,,
127-CAREER ACADEMY,,,
031-BROOKLET,,,
031-CHURCH,,,
029-ELLABELL,,,
031-FAIR,,,
031-HAGIN,,,
299-Manor,,,
229-SUNSET-SWEAT,,,
031-STILSON,,,
299-1231-151,,,
299-Haywood,,,
299-1231-150C,,,
299-Waresboro,,,
299-1231-150B,,,
299-District 1,,,
177-SDA CHURCH,,,
299-Jamestown,,,
299-District 2A,,,
049-GA BEND,,,
299-District 2B,,,
229-HACKLEBARNEY-CASON,,,
049-ST GEORGE,,,
095-GREENBRIAR CHURCH,,,
177-CJC,,,
049-RACEPOND,,,
095-WESTOVER HIGH SCHOOL,,,
177-FRIENDSHIP BAPTIST,,,
177-FIRST BAPTIST,,,
095-1ST CHRISTIAN CHURCH,,,
095-SHERWOOD ELEMENTARY,,,
261-CONCORD,,,
199-COVE,,,
095-MERRY ACRES MIDDLE,,,
273-BRONWOOD,,,
177-SMITHVILLE,,,
095-COVENANT CHURCH,,,
261-THOMPSON,,,
095-RADIUM MIDDLE SCHOOL,,,
263-VALLEY,,,
177-CENTURY FIRE STATION,,,
249-PRECINCT ONE,,,
199-CHALYBEATE,,,
199-WOODBURY,,,
199-GILL II,,,
199-RALEIGH,,,
095-JACKSON HEIGHTS ELEMENTARY,,,
095-INTERNATIONAL STUDIES,,,
131-SPRING HILL,,,
095-PHOEBE EAST,,,
095-ALBANY MIDDLE SCHOOL,,,
095-TURNER ELEMENTARY,,,
095-PUTNEY 1ST BAPTIST CHURCH,,,
095-PALMYRA METHODIST,,,
095-PINE BLUFF BAPTIST CHURCH,,,
051-FRANK MURRAY COMM CENTER,,,
075-SPARKS,,,
095-PHOEBE HEALTHWORKS,,,
215-EDGEWOOD BAPTIST,,,
215ZZZZZZ,,,
215FTBEN1,,,
215-HOLSEY/BUENA VISTA,,,
307-PRESTON 1,,,
075-NEW LIFE BAPTIST CHURCH,,,
051-SAVANNAH HIGH SCHOOL,,,
197-BRANTLEY,,,
075-RIVERBEND,,,
071-WARRIOR,,,
251-BAY BRANCH,,,
075-ELM PINE,,,
071-TYTY,,,
051-ISLANDS CHRISTIAN CHURCH,,,
051-WILMINGTON ISLAND UMC,,,
277-OMEGA,,,
051-FIRST AFRICAN BAPTIST CHURCH,,,
051-ELI WHITNEY COMPLEX 3-15C,,,
051-THUNDERBOLT MUNI COMPLEX,,,
051-ELI WHITNEY COMPLEX 2-06C,,,
051-WOODVILLE-TOMPKINS TI,,,
103-5C,,,
019-ALAPAHA,,,
103-5B,,,
103-4A,,,
051-LIGHTHOUSE BAPTIST CHURCH,,,
103-5A,,,
051-WILMINGTON ISLAND PRES CHURCH,,,
051-FIRST BAPTIST OF THE ISLAND,,,
019-WEST BERRIEN,,,
065-HOMERVILLE,,,
051-ST FRANCIS EPISCOPAL CHURCH,,,
019-ENIGMA,,,
173-LAKELAND,,,
019-RAY CITY,,,
019-NASHVILLE,,,
065-ARABIA,,,
039-WEST KINGSLAND,,,
253-PRECINCT 4,,,
069-BRIDGETOWN,,,
003-PEARSON CITY,,,
065-ARGYLE,,,
003-WILLACOOCHEE,,,
065-FARGO,,,
003-AXSON,,,
087-ATTAPULGUS,,,
087-BDGE-FAIRGROUNDS,,,
039-SOUTH ST MARYS,,,
087-CLIMAX,,,
087-BRINSON,,,
087-BAINBRIDGE-COLISEUM,,,
253-PRECINCT 3,,,
201-COLQUITT-MILLER,,,
099-ARLINGTON,,,
127-STERLING CHURCH OF GOD,,,
099-CUBA,,,
037-ARLINGTON,,,
087-MT PLEASANT,,,
099-BLAKELY,,,
087-WEST BAINBRIDGE,,,
205-HOPEFUL,,,
115-NORTH ROME,,,
115-EAST LINDALE,,,
075-DELLE BEAMGUARD,,,
049-FOLKSTON,,,
025-HOBOKEN,,,
049-AMERICAN LEGION,,,
049-FOLKSTON FIRE,,,
229-BLACKSHEAR,,,
115-WATTERS,,,
115-ETOWAH,,,
031-BAY,,,
055-HAYWOOD,,,
115-HOWELL,,,
115-FLOYD SPRINGS,,,
055-SUBLIGNA,,,
115-CHULIO,,,
057-KELLOGG,,,
015-PINE LOG,,,
115-SOUTH ROME,,,
057-VICTORIA,,,
015-TAYLORSVILLE,,,
057-OAK GROVE,,,
057-DIXIE,,,
015-KINGSTON,,,
055-PENNVILLE,,,
057-ROSECREEK,,,
115-ARMUCHEE,,,
055-TRION,,,
129-FAIRMOUNT,,,
055-DIRTTOWN,,,
115-WEST LINDALE,,,
129-OAKMAN,,,
295-CHATTANOOGA VALLEY,,,
295-LA FAYETTE,,,
295-FAIRYLAND,,,
057-HILLSIDE,,,
083-NORTH DADE,,,
295-ROSSVILLE,,,
057-BOOTH,,,
177-FLINT REFORMED BAPTIST,,,
095-CHRIST CHURCH,,,
057-BASCOMB,,,
047-WOODSTATION,,,
295-CHICKAMAUGA,,,
047-WESTSIDE,,,
313-TR,,,
295-ROCK SPRING,,,
197-BUENA VISTA,,,
095-MT ZION CENTER,,,
095-BILL MILLER CENTER,,,
197-FORT PERRY,,,
095-2ND MT ZION CHURCH,,,
289-GOLDEN ISLES,,,
197-TAZEWELL,,,
273-SASSER,,,
095-LAMAR REESE ELEMENTARY,,,
215-FAITH TABERNACLE,,,
095-WESTTOWN ELEMENTARY,,,
095-ALICE COACHMAN ELEMENTARY,,,
095-CARVER TEEN CENTER,,,
095-DARTON COLLEGE,,,
095-LITMAN CATHEDRAL,,,
095-SHILOH BAPTIST CHURCH,,,
245-806,,,
245-506,,,
097-PRAYS MILL GYM,,,
245-808,,,
129-RED BUD,,,
015-EUHARLEE,,,
015-FOLSOM,,,
129-PINE CHAPEL,,,
047-BOYNTON,,,
047-RINGGOLD,,,
033-TELFAIR,,,
047-POPLAR SPRINGS,,,
313-VA,,,
245-608,,,
245-607,,,
245-802,,,
175-RURAL FIRE STA 17,,,
225-POWERSVILLE,,,
313-5A,,,
175-LCFS 10 VALAMBROSIA,,,
245-603,,,
313-PG,,,
047-GRAYSVILLE,,,
313-6A,,,
051-COMPASSION CHRISTIAN CHURCH,,,
051-SKIDAWAY ISLAND STATE PARK,,,
009-BODDIE,,,
051-ST THOMAS EPISCOPAL CHURCH,,,
047-CATOOSA KEITH,,,
175-HAMPTON MILL,,,
225-FORT VALLEY 2,,,
175-CADWELL,,,
175-BUCKEYE,,,
303-OCONEE,,,
051-WHITE BLUFF PRESBYTERIAN,,,
167-BRAY,,,
079-DISTRICT 5,,,
051-THE SANCTUARY,,,
051-SKIDAWAY ISLAND BAPTIST,,,
051-FERGUSON AVE BAPTIST,,,
009-COURTHOUSE,,,
237-107,,,
175-FBC-FLC,,,
009-FIRE DEPT,,,
051-ST PETERS EPISCOPAL,,,
175-CALHOUN PARK,,,
319-LORD,,,
175-FIRE DEPT STA 5,,,
029-WAYS STATION,,,
029-JF GREGORY PARK,,,
009-WEST HARDWICK,,,
029-PUBLIC SAFETY COMPLEX,,,
009-WEST BALDWIN,,,
009-SOUTH MILLEDGEVILLE,,,
009-NORTH BALDWIN,,,
009-MERIWEATHER,,,
051-BLACKSHEAR COMMUNITY CENTER,,,
051-ISLE OF HOPE BAPTIST,,,
029-KELLER,,,
051-OLD COURTHOUSE,,,
009-CITY HALL ANNEX,,,
029-DANIELSIDING,,,
029-RH REC COMPLEX,,,
179-FLEMING EAST,,,
207-BURGAYS,,,
169-FINNEY,,,
153-BMS,,,
145-MULBERRY GROVE,,,
207-BENTONS,,,
153-NSES,,,
129-CALHOUN CITY,,,
047-CHAMBERS,,,
129-SUGAR VALLEY,,,
129-RESACA,,,
047-FT OGLETHORPE,,,
295-ARMUCHEE VALLEY,,,
295-FAIRVIEW,,,
295-MOUNTAIN,,,
129-PLAINVILLE,,,
083-NEW HOME,,,
295-WALNUT GROVE,,,
015-ADAIRSVILLE,,,
129-GORDON COUNTY,,,
115-EVERETT SPRINGS,,,
083-WEST BROW,,,
097-FIRST BAPTIST DOUGLASVILLE,,,
083-SOUTH DADE,,,
139-FLOWERY BRANCH II,,,
097-CHESTNUT LOG,,,
083-TRENTON,,,
295-KENSINGTON,,,
083-NEW SALEM,,,
047-LAKEVIEW,,,
063-OAK 2,,,
063-OAK 4,,,
063-OAK 1,,,
083-DAVIS,,,
129-OOSTANAULA,,,
015-MISSION ROAD,,,
015-EMERSON,,,
015-WOODLAND,,,
015-CARTERSVILLE EAST,,,
063-RIVERDALE 10,,,
015-CARTERSVILLE WEST,,,
015-ZENA DRIVE,,,
131-WOODLAND,,,
007-NEWTON,,,
205-BACONTON,,,
131-SPENCE,,,
205-CAMILLA NORTH,,,
275-OCHLOCKNEE,,,
275-NEW COVENANT,,,
205-CAMILLA SOUTH,,,
275-SCOTT,,,
093-LILLY,,,
193-MONTEZUMA #4,,,
261-BROWNS MILL,,,
093-BYROMVILLE,,,
131-CAIRO 5TH DISTRICT,,,
205-PELHAM,,,
193-OGLETHORPE,,,
215-EPWORTH UMC,,,
275-FIRE STATION #2,,,
275-RESOURCE CENTER,,,
131-PINE PARK,,,
275-HARPER,,,
275-JERGER,,,
261-ANDERSONVILLE,,,
275-DOUGLASS,,,
145-LOWER 19TH,,,
215-MARIANNA GALLOPS,,,
215-CARVER/MACK,,,
215-OUR LADY OF LOURDES,,,
215-CUSSETA RD,,,
215-ST PAUL/CLUBVIEW,,,
275-METCALFE,,,
215-WYNNTON/BRITT,,,
129-LILY POND,,,
215-BRITT DAVID,,,
215-CORNERSTONE,,,
215-WYNNBROOK,,,
215-ST PETER,,,
145-UPPER 19TH,,,
067-ACWORTH 1A,,,
067-ACWORTH 1B,,,
067-ACWORTH 1C,,,
067-BIG SHANTY 01,,,
067-HAYES 01,,,
067-KENNESAW 2A,,,
067-KENNESAW 4A,,,
067-KENNESAW 5A,,,
067-LOST MOUNTAIN 02,,,
067-MARIETTA 4C,,,
067-ADDISON 01,,,
067-GARRISON MILL 01,,,
067-COOPER 01,,,
067-MARIETTA 2B,,,
067-BELLS FERRY 02,,,
067-HIGHTOWER 01,,,
067-BIG SHANTY 02,,,
067-CHEATHAM HILL 03,,,
067-BAKER 01,,,
067-LOST MOUNTAIN 01,,,
067-BIRNEY 01,,,
067-MARIETTA 4B,,,
067-BIRNEY 02,,,
067-EASTSIDE 02,,,
067-ELIZABETH 02,,,
067-BRYANT 01,,,
067-ELIZABETH 03,,,
067-EAST PIEDMONT 01,,,
067-BRYANT 02,,,
067-MARIETTA 4A,,,
067-BLACKWELL 01,,,
067-CHATTAHOOCHEE 01,,,
067-MABRY 01,,,
067-CHEATHAM HILL 02,,,
067-KEMP 01,,,
067-KEMP 03,,,
067-CHALKER 01,,,
067-KENNESAW 1A,,,
067-KENNESAW 3A,,,
067-FREY 01,,,
067-MABLETON 01,,,
067-MABLETON 02,,,
067-DURHAM 01,,,
067-LOST MOUNTAIN 04,,,
067-CHESTNUT RIDGE 01,,,
067-DICKERSON 01,,,
067-DOWELL 01,,,
067-KEMP 02,,,
067-LOST MOUNTAIN 03,,,
067-DODGEN 01,,,
067-DAVIS 01,,,
067-MCCLESKEY 01,,,
067-EASTSIDE 01,,,
067-ELIZABETH 01,,,
067-FULLERS PARK 01,,,
067-HARMONY-LELAND 01,,,
067-MABLETON 04,,,
067-ELIZABETH 04,,,
067-FAIR OAKS 02,,,
067-MARIETTA 2A,,,
067-ELIZABETH 05,,,
067-FAIR OAKS 04,,,
067-MARIETTA 1A,,,
067-FORD 01,,,
067-GRITTERS 01,,,
067-LINDLEY 01,,,
067-HARRISON 01,,,
067-KELL 01,,,
067-LASSITER 01,,,
067-MABLETON 03,,,
067-MACLAND 01,,,
067-MCEACHERN 01,,,
067-MURDOCK 01,,,
067-MCCLURE 01,,,
067-MARIETTA 5A,,,
067-MARIETTA 5B,,,
067-MARIETTA 6A,,,
067-MARIETTA 6B,,,
067-MARIETTA 7A,,,
067-MARS HILL 01,,,
067-MARS HILL 02,,,
067-MT BETHEL 01,,,
067-MT BETHEL 03,,,
067-MT BETHEL 04,,,
067-NORTH COBB 01,,,
067-NICKAJACK 01,,,
067-NORTON PARK 01,,,
067-NICHOLSON 01,,,
067-OAKDALE 01,,,
067-OREGON 01,,,
067-OREGON 02,,,
067-OREGON 03,,,
067-OREGON 04,,,
067-OREGON 05,,,
067-POWERS FERRY 01,,,
067-PINE MOUNTAIN 01,,,
067-PINE MOUNTAIN 02,,,
067-POST OAK 01,,,
067-PALMER 01,,,
067-PITNER 01,,,
067-ROCKY MOUNT 01,,,
067-RIVERSIDE 01,,,
067-ROSWELL 01,,,
067-ROSWELL 02,,,
067-SANDY PLAINS 01,,,
067-SIMPSON 01,,,
067-SEWELL MILL 01,,,
067-SEWELL MILL 03,,,
067-SMYRNA 1A,,,
067-SMYRNA 2A,,,
067-SMYRNA 4A,,,
067-SMYRNA 5A,,,
067-SMYRNA 6A,,,
067-SMYRNA 7A,,,
067-SOPE CREEK 01,,,
067-SOPE CREEK 02,,,
067-SOPE CREEK 03,,,
067-SWEETWATER 01,,,
067-PEBBLEBROOK 01,,,
067-SHALLOWFORD FALLS 01,,,
067-POPE 01,,,
067-POWDER SPRINGS 1A,,,
067-POWDER SPRINGS 2A,,,
067-POWDER SPRINGS 3A,,,
067-SWEETWATER 02,,,
067-TERRELL MILL 01,,,
067-VAUGHAN 01,,,
067-VININGS 01,,,
067-VININGS 02,,,
067-VININGS 03,,,
067-VININGS 04,,,
067-WADE GREEN 02,,,
067-WILLEO 01,,,
067-TIMBER RIDGE 01,,,
097-ATLANTA WEST PENTECOSTAL,,,
223-WEST RIDGE CHURCH,,,
015-ALLATOONA,,,
057-BELLS,,,
067-BELLS FERRY 03,,,
067-BELLS FERRY 04,,,
067-DOBBINS 02,,,
067-DOBBINS 01,,,
067-MARIETTA 3A,,,
067-MARIETTA 3B,,,
067-SMYRNA 3B,,,
067-SMYRNA 3A,,,
121-02F1,,,
121-CP07D,,,
121-SS29A,,,
121-UC031,,,
121-CH01,,,
061-BLUFFTON,,,
061-ZETTO,,,
061-DAYS CROSS ROAD,,,
061-OLD HEAD START,,,
061-COURT HOUSE,,,
121-FC02,,,
121-FC03,,,
121-SC14A,,,
121-09B,,,
121-CH05,,,
121-FA01D,,,
077-FISCHER ROAD,,,
317-SENIOR CITIZEN CENTER,,,
317-YOUNG FARMERS BLDG,,,
067-CLARKDALE 01,,,
067-AUSTELL 1A,,,
067-CLARKDALE 02,,,
185-NORTHGATE ASSEMBLY AND TRINITY,,,
